threads,SR,OpenMP,Pthread
2,183.094,2496.28,32.3763
4,90.1745,1448.35,14.1981
6,57.14,1173.64,9.28692
8,41.3542,732.185,6.94833