Machine,nodes,SR,MPI
iST-PC,1,0.0102,2.48433
iST-PC,2,0.000389,1.51361
iST-PC,4,0.000391,1.48494